<project name="cc-mkelem" basedir="." default="noop"/>
    
    <!-- default value for test.dir, override to specify a cc location -->
    <property name="test.dir" location="."/>
    
    <target name="noop"/>
      
    <target name="test-allcheckedout" description="should mkelem nothing">
        <cc-mkelem viewpath="${test.dir}" comment="test-allcheckedout">
            <include name="**/*.cctest.ci"/>
        </cc-mkelem>
    </target>

    <target name="test-allcheckedin" description="should mkelem nothing"> 
        <cc-mkelem viewpath="${test.dir}" comment="test-allcheckedin">
            <include name="**/*.cctest.co"/>
        </cc-mkelem>
    </target>
    
    <target name="test-allprivate" description="should mkelem all files">
        <cc-mkelem viewpath="${test.dir}" comment="test-allprivate">
            <include name="**/*.cctest.private"/>
        </cc-mkelem>
    </target>
    
    <target name="test-mix" description="should mkelem only private files">
        <cc-mkelem viewpath="${test.dir}">
            <include name="**/*.cctest.private"/>
            <include name="**/*.cctest.ci"/>
            <include name="**/*.cctest.co"/>
        </cc-mkelem>        
    </target>
    
</project>