<?xml version="1.0"?>

<project name="move-test" basedir="." default="testFilterSet">

  <target name="testFilterSet">
    <copy file="copy.filterset" tofile="move.filterset"/>
    <move file="move.filterset" tofile="move.filterset.tmp">
      <filterset>
        <filter token="TITLE" value="Apache Ant Project"/>
      </filterset>
    </move>
  </target>

  <target name="testFilterChain">
    <copy file="copy.filterset" tofile="move.filterchain"/>
    <move file="move.filterchain" tofile="move.filterchain.tmp">
      <filterchain>
        <replacetokens>
          <token key="TITLE" value="Apache Ant Project"/>
        </replacetokens>
      </filterchain>
    </move>
  </target>

  <!-- Bugzilla Report 11732 -->
  <target name="testDirectoryRemoval">
    <mkdir dir="A/B"/>
    <mkdir dir="A/C"/>
    <mkdir dir="A/D"/>
    <touch file="A/B/1"/>
    <touch file="A/C/2"/>
    <touch file="A/D/3"/>
    <mkdir dir="E"/>
    <move todir="E" includeemptydirs="true">
      <fileset dir="A">
        <include name="C"/>
        <include name="D"/>
        <include name="C/**"/>
        <include name="D/**"/>
      </fileset>
    </move>
  </target>

  <!-- Bugzilla Report 18886 -->
  <target name="testDirectoryRetaining">
    <mkdir dir="A"/>
    <touch file="A/1"/>
    <mkdir dir="E"/>
    <move todir="E" includeemptydirs="true">
      <fileset dir="A" includes="1"/>
    </move>
  </target>

  <target name="testCompleteDirectoryMove">
    <mkdir dir="A"/>
    <touch file="A/1"/>
    <move todir="E">
      <fileset dir="A"/>
    </move>
  </target>

  <target name="testCompleteDirectoryMoveFileToFile">
    <mkdir dir="A"/>
    <touch file="A/1"/>
    <move file="A" tofile="E" />
    <fail message="E/1 not available">
      <condition>
        <not>
          <available file="E/1" type="file" />
        </not>
      </condition>
    </fail>
    <fail message="A remains">
      <condition>
        <available file="A" type="dir" />
      </condition>
    </fail>
  </target>

  <target name="testCompleteDirectoryMoveFileToDir">
    <mkdir dir="A"/>
    <touch file="A/1"/>
    <move file="A" todir="E" />
    <fail message="E/A/1 not available">
      <condition>
        <not>
          <available file="E/A/1" type="file" />
        </not>
      </condition>
    </fail>
    <fail message="A remains">
      <condition>
        <available file="A" type="dir" />
      </condition>
    </fail>
  </target>

  <target name="testCompleteDirectoryMoveFileToExistingFile">
    <mkdir dir="A"/>
    <touch file="A/1"/>
    <touch file="B"/>
    <move file="A" tofile="B" />
  </target>

  <target name="testCompleteDirectoryMoveFileToExistingDir">
    <mkdir dir="A"/>
    <touch file="A/1"/>
    <mkdir dir="E"/>
    <move file="A" tofile="E" />
  </target>

  <target name="testCompleteDirectoryMoveFileToDirWithExistingFile">
    <mkdir dir="A"/>
    <touch file="A/1"/>
    <mkdir dir="E"/>
    <touch file="E/A"/>
    <move file="A" todir="E" />
  </target>

  <target name="testCompleteDirectoryMoveFileToDirWithExistingDir">
    <mkdir dir="A"/>
    <touch file="A/1"/>
    <mkdir dir="E"/>
    <mkdir dir="E/A"/>
    <move file="A" todir="E" />
  </target>

  <target name="cleanup"> 
    <delete file="move.filterset.tmp"/>
    <delete file="move.filterchain.tmp"/>
    <delete dir="A" />
    <delete file="B" />
    <delete dir="E" />
  </target>

</project>
