<?xml version="1.0" encoding="utf-8"?>
<!DOCTYPE contributors
[
<!ELEMENT name (first?, middle?, last)>
<!ELEMENT contributors (introduction, name+)>
<!ELEMENT first (#PCDATA)>
<!ELEMENT introduction (#PCDATA)>
<!ELEMENT middle (#PCDATA)>
<!ELEMENT last (#PCDATA)>
]
>

<contributors>
  <introduction>
  These are some of the many people who have helped Ant become so successful.
  </introduction>
  <name>
    <first>Aleksandr</first>
    <last>Ishutin</last>
  </name>
  <name>
    <first>Alexey</first>
    <last>Panchenko</last>
  </name>
  <name>
    <first>Alexey</first>
    <last>Solofnenko</last>
  </name>
  <name>
    <first>Andreas</first>
    <last>Ames</last>
  </name>
  <name>
    <first>Andrew</first>
    <last>Everitt</last>
  </name>
  <name>
    <first>Andrey</first>
    <last>Urazov</last>
  </name>
  <name>
    <first>Andy</first>
    <last>Wood</last>
  </name>
  <name>
    <first>Anil</first>
    <middle>K.</middle>
    <last>Vijendran</last>
  </name>
  <name>
    <first>Anli</first>
    <last>Shundi</last>
  </name>
  <name>
    <first>Anthony</first>
    <last>Green</last>
  </name>
  <name>
    <first>Antoine</first>
    <last>Baudoux</last>
  </name>
  <name>
    <first>Antoine</first>
    <last>Levy-Lambert</last>
  </name>
  <name>
    <first>Anton</first>
    <last>Mazkovoi</last>
  </name>
  <name>
    <first>Arnaud</first>
    <last>Vandyck</last>
  </name>
  <name>
    <first>Arnout</first>
    <middle>J.</middle>
    <last>Kuiper</last>
  </name>
  <name>
    <first>Aslak</first>
    <last>Helles&#244;y</last>
  </name>
  <name>
    <first>Atsuhiko</first>
    <last>Yamanaka</last>
  </name>
  <name>
    <first>Avik</first>
    <last>Sengupta</last>
  </name>
  <name>
    <first>Balazs</first>
    <last>Fejes 2</last>
  </name>
  <name>
    <first>Benjamin</first>
    <last>Burgess</last>
  </name>
  <name>
    <first>Ben</first>
    <last>Galbraith</last>
  </name>
  <name>
    <first>Benoit</first>
    <last>Moussaud</last>
  </name>
  <name>
    <first>Bernd</first>
    <last>Dutkowski</last>
  </name>
  <name>
    <first>Brad</first>
    <last>Clark</last>
  </name>
  <name>
    <first>Brant</first>
    <middle>Langer</middle>
    <last>Gurganus</last>
  </name>
  <name>
    <first>Brian</first>
    <last>Deitte</last>
  </name>
  <name>
    <first>Brian</first>
    <last>Felder</last>
  </name>
  <name>
    <first>Bruce</first>
    <last>Atherton</last>
  </name>
  <name>
    <first>Charles</first>
    <last>Hudak</last>
  </name>
  <name>
    <first>Charlie</first>
    <last>Hubbard</last>
  </name>
  <name>
    <first>Chris</first>
    <last>Povirk</last>
  </name>
  <name>
    <first>Christian</first>
    <last>Knorr</last>
  </name>
  <name>
    <first>Christoph</first>
    <last>Wilhelms</last>
  </name>
  <name>
    <first>Christophe</first>
    <last>Labouisse</last>
  </name>
  <name>
    <first>Christopher</first>
    <middle>A.</middle>
    <last>Longo</last>
  </name>
  <name>
    <first>Christopher</first>
    <last>Charlier</last>
  </name>
  <name>
    <first>Conor</first>
    <last>MacNeill</last>
  </name>
  <name>
    <first>Craeg</first>
    <last>Strong</last>
  </name>
  <name>
    <first>Craig</first>
    <last>Cottingham</last>
  </name>
  <name>
    <first>Craig</first>
    <middle>R.</middle>
    <last>McClanahan</last>
  </name>
  <name>
    <first>Craig</first>
    <last>Ryan</last>
  </name>
  <name>
    <first>Curtis</first>
    <last>White</last>
  </name>
  <name>
    <first>Cyrille</first>
    <last>Morvan</last>
  </name>
  <name>
    <first>D'Arcy</first>
    <last>Smith</last>
  </name>
  <name>
    <first>Dale</first>
    <last>Anson</last>
  </name>
  <name>
    <first>Dan</first>
    <last>Armbrust</last>
  </name>
  <name>
    <first>Daniel</first>
    <last>Ribagnac</last>
  </name>
  <name>
    <first>Daniel</first>
    <last>Spilker</last>
  </name>
  <name>
    <first>Danno</first>
    <last>Ferrin</last>
  </name>
  <name>
    <first>Davanum</first>
    <last>Srinivas</last>
  </name>
  <name>
    <first>Dave</first>
    <last>Brondsema</last>
  </name>
  <name>
    <first>Dave</first>
    <last>Brosius</last>
  </name>
  <name>
    <first>David</first>
    <last>A.</last>
  </name>
  <name>
    <first>David</first>
    <last>Crossley</last>
  </name>
  <name>
    <first>David</first>
    <last>G&#228;rtner</last>
  </name>
  <name>
    <first>David</first>
    <last>Kavanagh</last>
  </name>
  <name>
    <first>David</first>
    <last>Maclean</last>
  </name>
  <name>
    <first>David</first>
    <last>Rees</last>
  </name>
  <name>
    <first>Denis</first>
    <last>Hennessy</last>
  </name>
  <name>
    <first>Derek</first>
    <last>Slager</last>
  </name>
  <name>
    <first>Diane</first>
    <last>Holt</last>
  </name>
  <name>
    <first>dIon</first>
    <last>Gillard</last>
  </name>
  <name>
    <first>Dominique</first>
    <last>Devienne</last>
  </name>
  <name>
    <first>Donal</first>
    <last>Quinlan</last>
  </name>
  <name>
    <first>Don</first>
    <last>Bnamen</last>
  </name>
  <name>
    <first>Don</first>
    <last>Ferguson</last>
  </name>
  <name>
    <first>Don</first>
    <last>Jeffery</last>
  </name>
  <name>
    <first>Drew</first>
    <last>Sudell</last>
  </name>
  <name>
    <first>Edwin</first>
    <last>Woudt</last>
  </name>
  <name>
    <first>Eli</first>
    <last>Tucker</last>
  </name>
  <name>
    <first>Emmanuel</first>
    <last>Bourg</last>
  </name>
  <name>
    <first>Eric</first>
    <last>Olsen</last>
  </name>
  <name>
    <first>Eric</first>
    <last>Pugh</last>
  </name>
  <name>
    <first>Erik</first>
    <last>Hatcher</last>
  </name>
  <name>
    <first>Erik</first>
    <last>Langenbach</last>
  </name>
  <name>
    <first>Erik</first>
    <last>Meade</last>
  </name>
  <name>
    <first>Ernst</first>
    <last>de Haan</last>
  </name>
  <name>
    <first>Frank</first>
    <last>Harnack</last>
  </name>
  <name>
    <first>Frank</first>
    <last>Somers</last>
  </name>
  <name>
    <first>Frank</first>
    <last>Zeyda</last>
  </name>
  <name>
    <first>Frédéric</first>
    <last>Bothamy</last>
  </name>
  <name>
    <first>Frederic</first>
    <last>Lavigne</last>
  </name>
  <name>
    <first>Gary</first>
    <middle>S.</middle>
    <last>Weaver</last>
  </name>
  <name>
    <first>Gautam</first>
    <last>Guliani</last>
  </name>
  <name>
    <first>Gero</first>
    <last>Vermaas</last>
  </name>
  <name>
    <first>Gerrit</first>
    <last>Riessen</last>
  </name>
  <name>
    <first>Glenn</first>
    <last>McAllister</last>
  </name>
  <name>
    <first>Glenn</first>
    <last>Twiggs</last>
  </name>
  <name>
    <first>Greg</first>
    <last>Nelson</last>
  </name>
  <name>
    <first>Harish</first>
    <last>Prabandham</last>
  </name>
  <name>
    <first>Haroon</first>
    <last>Rafique</last>
  </name>
  <name>
    <first>Hiroaki</first>
    <last>Nakamura</last>
  </name>
  <name>
    <first>Holger</first>
    <last>Engels</last>
  </name>
  <name>
    <first>Ignacio</first>
    <last>Coloma</last>
  </name>
  <name>
    <first>Ingenonsya</first>
    <last>France</last>
  </name>
  <name>
    <first>Ingmar</first>
    <last>Stein</last>
  </name>
  <name>
    <first>Irene</first>
    <last>Rusman</last>
  </name>
  <name>
    <first>Ivan</first>
    <last>Ivanov</last>
  </name>
  <name>
    <first>Jack</first>
    <middle>J.</middle>
    <last>Woehr</last>
  </name>
  <name>
    <first>James</first>
    <middle>Duncan</middle>
    <last>Davidson</last>
  </name>
  <name>
    <first>Jan</first>
    <last>Mat&#232;rne</last>
  </name>
    <name>
      <first>Jan</first>
      <last>Cumps</last>
    </name>
  <name>
    <first>Jan</first>
    <last>Mynarik</last>
  </name>
  <name>
    <first>Jason</first>
    <last>Hunter</last>
  </name>
  <name>
    <first>Jason</first>
    <last>Pettiss</last>
  </name>
  <name>
    <first>Jason</first>
    <last>Salter</last>
  </name>
  <name>
    <first>Jason</first>
    <last>Yip</last>
  </name>
  <name>
    <first>Jay</first>
    <middle>Dickon</middle>
    <last>Glanville</last>
  </name>
  <name>
    <first>Jay</first>
    <last>Peck</last>
  </name>
  <name>
    <first>Jay</first>
    <last>van der Meer</last>
  </name>
  <name>
    <first>JC</first>
    <last>Mann</last>
  </name>
  <name>
    <first>J</first>
    <last>D</last>
  </name>
  <name>
    <first>Jean-Francois</first>
    <last>Brousseau</last>
  </name>
  <name>
    <first>Jeff</first>
    <last>Gettle</last>
  </name>
  <name>
    <first>Jeff</first>
    <last>Martin</last>
  </name>
  <name>
    <first>Jeff</first>
    <last>Tulley</last>
  </name>
  <name>
    <first>Jeff</first>
    <last>Turner</last>
  </name>
  <name>
    <first>Jene</first>
    <last>Jasper</last>
  </name>
  <name>
    <first>Jeremy</first>
    <last>Mawson</last>
  </name>
  <name>
    <first>Jerome</first>
    <last>Lacoste</last>
  </name>
  <name>
    <first>Jesse</first>
    <last>Glick</last>
  </name>
  <name>
    <first>Jesse</first>
    <last>Stockall</last>
  </name>
  <name>
    <first>Jim</first>
    <last>Allers</last>
  </name>
  <name>
    <first>Joerg</first>
    <last>Wassmer</last>
  </name>
  <name>
    <first>Jon</first>
    <last>Dickinson</last>
  </name>
  <name>
    <first>Jon</first>
    <middle>S.</middle>
    <last>Stevens</last>
  </name>
  <name>
    <first>Jose</first>
    <middle>Alberto</middle>
    <last>Fernandez</last>
  </name>
  <name>
    <first>Josh</first>
    <last>Lucas</last>
  </name>
  <name>
    <first>Joseph</first>
    <last>Walton</last>
  </name>
  <name>
    <first>Juerg</first>
    <last>Wanner</last>
  </name>
  <name>
    <first>Julian</first>
    <last>Simpson</last>
  </name>
  <name>
    <first>Keiron</first>
    <last>Liddle</last>
  </name>
  <name>
    <first>Keith</first>
    <last>Visco</last>
  </name>
  <name>
    <first>Kevin</first>
    <last>Greiner</last>
  </name>
  <name>
    <first>Kevin</first>
    <last>Jackson</last>
  </name>
  <name>
    <first>Kevin</first>
    <last>Ross</last>
  </name>
  <name>
    <first>Kevin</first>
    <middle>Z</middle>
    <last>Grey</last>
  </name>
  <name>
    <first>Kirk</first>
    <last>Wylie</last>
  </name>
  <name>
    <first>Kyle</first>
    <last>Adams</last>
  </name>
  <name>
    <first>Larry</first>
    <last>Shatzer</last>
  </name>
  <name>
    <first>Larry</first>
    <last>Streepy</last>
  </name>
  <name>
    <first>Les</first>
    <last>Hughes</last>
  </name>
  <name>
    <first>Levi</first>
    <last>Cook</last>
  </name>
  <name>
    <last>lucas</last>
  </name>
  <name>
    <first>Ludovic</first>
    <last>Claude</last>
  </name>
  <name>
    <first>Magesh</first>
    <last>Umasankar</last>
  </name>
  <name>
    <first>Maneesh</first>
    <last>Sahu</last>
  </name>
  <name>
    <first>Marcel</first>
    <last>Schutte</last>
  </name>
  <name>
    <first>Marcus</first>
    <last>B&amp;ouml;rger</last>
  </name>
  <name>
    <first>Mariusz</first>
    <last>Nowostawski</last>
  </name>
  <name>
    <first>Mark</first>
    <last>Hecker</last>
  </name>
  <name>
    <first>Mark</first>
    <middle>R.</middle>
    <last>Diggory</last>
  </name>
  <name>
    <first>Martijn</first>
    <last>Kruithof</last>
  </name>
  <name>
    <first>Martin</first>
    <last>Landers</last>
  </name>
  <name>
    <first>Martin</first>
    <last>Poeschl</last>
  </name>
  <name>
    <first>Martin</first>
    <last>van den Bemt</last>
  </name>
  <name>
    <first>Mathieu</first>
    <last>Champlon</last>
  </name>
  <name>
    <first>Mathieu</first>
    <last>Peltier</last>
  </name>
  <name>
    <first>Matt</first>
    <last>Albrecht</last>
  </name>
  <name>
    <first>Matt</first>
    <last>Benson</last>
  </name>
  <name>
    <first>Matt</first>
    <last>Bishop</last>
  </name>
  <name>
    <first>Matt</first>
    <last>Foemmel</last>
  </name>
  <name>
    <first>Matt</first>
    <last>Grosso</last>
  </name>
  <name>
    <first>Matt</first>
    <last>Humphrey</last>
  </name>
  <name>
    <first>Matt</first>
    <last>Small</last>
  </name>
  <name>
    <first>Matthew</first>
    <last>Hawthorne</last>
  </name>
  <name>
    <first>Matthew</first>
    <last>Inger</last>
  </name>
  <name>
    <first>Matthew</first>
    <middle>Kuperus</middle>
    <last>Heun</last>
  </name>
  <name>
    <first>Matthew</first>
    <last>Watson</last>
  </name>
  <name>
    <first>Michael</first>
    <last>Davey</last>
  </name>
  <name>
    <first>Michael</first>
    <middle>J.</middle>
    <last>Sikorsky</last>
  </name>
  <name>
    <first>Michael</first>
    <last>McCallum</last>
  </name>
  <name>
    <first>Michael</first>
    <last>Newcomb</last>
  </name>
  <name>
    <first>Michael</first>
    <last>Nygard</last>
  </name>
  <name>
    <first>Michael</first>
    <last>Saunders</last>
  </name>
  <name>
    <last>Miha</last>
  </name>
  <name>
    <first>Mike</first>
    <last>Roberts</last>
  </name>
  <name>
    <last>mnowostawski</last>
  </name>
  <name>
    <first>Nick</first>
    <last>Chalko</last>
  </name>
  <name>
    <first>Nick</first>
    <last>Crossley</last>
  </name>
  <name>
    <first>Nick</first>
    <last>Fortescue</last>
  </name>
  <name>
    <first>Nick</first>
    <last>Pellow</last>
  </name>
  <name>
    <first>Nicola</first>
    <last>Ken</last>
  </name>
  <name>
    <first>Nico</first>
    <last>Seessle</last>
  </name>
  <name>
    <first>Nigel</first>
    <last>Magnay</last>
  </name>
  <name>
    <first>Oliver</first>
    <last>Merkel</last>
  </name>
  <name>
    <first>Oliver</first>
    <last>Rossmueller</last>
  </name>
  <name>
    <first>&#216;ystein</first>
    <last>Gisn&#229;s</last>
  </name>
  <name>
    <first>Patrick</first>
    <last>C.</last>
  </name>
  <name>
    <first>Patrick</first>
    <last>Chanezon</last>
  </name>
  <name>
    <first>Patrick</first>
    <last>Gus</last>
  </name>
  <name>
    <first>Paul</first>
    <last>Austin</last>
  </name>
  <name>
    <first>Paul</first>
    <last>Christmann</last>
  </name>
  <name>
    <first>Paul</first>
    <last>Galbraith</last>
  </name>
  <name>
    <first>Paul</first>
    <last>King</last>
  </name>
  <name>
    <first>Paulo</first>
    <last>Gaspar</last>
  </name>
  <name>
    <first>Peter</first>
    <middle>B.</middle>
    <last>West</last>
  </name>
  <name>
    <first>Peter</first>
    <last>Donald</last>
  </name>
  <name>
    <first>Peter</first>
    <last>Doornbosch</last>
  </name>
  <name>
    <first>Peter</first>
    <last>Hulst</last>
  </name>
  <name>
    <first>Peter</first>
    <last>Reilly</last>
  </name>
  <name>
    <first>Phillip</first>
    <last>Wells</last>
  </name>
  <name>
    <first>Pierre</first>
    <last>Delisle</last>
  </name>
  <name>
    <first>Pierre</first>
    <last>Dittgen</last>
  </name>
  <name>
    <first>R</first>
    <last>Handerson</last>
  </name>
  <name>
    <first>Rami</first>
    <last>Ojares</last>
  </name>
  <name>
    <first>Randy</first>
    <last>Watler</last>
  </name>
  <name>
    <first>Raphael</first>
    <last>Pierquin</last>
  </name>
  <name>
    <first>Ray</first>
    <last>Waldin</last>
  </name>
  <name>
    <first>Richard</first>
    <last>Evans</last>
  </name>
  <name>
    <first>Rick</first>
    <last>Beton</last>
  </name>
  <name>
    <first>Robert</first>
    <last>Anderson</last>
  </name>
  <name>
    <first>Robert</first>
    <last>Shaw</last>
  </name>
  <name>
    <first>Robert</first>
    <last>Watkins</last>
  </name>
  <name>
    <first>Roberto</first>
    <last>Scaramuzzi</last>
  </name>
  <name>
    <first>Robin</first>
    <last>Green</last>
  </name>
  <name>
    <first>Rob</first>
    <last>Oxspring</last>
  </name>
  <name>
    <first>Rob</first>
    <last>van Oostrum</last>
  </name>
  <name>
    <first>Roger</first>
    <last>Vaughn</last>
  </name>
  <name>
    <first>Roman</first>
    <last>Ivashin</last>
  </name>
  <name>
    <first>Ronen</first>
    <last>Mashal</last>
  </name>
  <name>
    <first>Russell</first>
    <last>Gold</last>
  </name>
  <name>
    <first>Sam</first>
    <last>Ruby</last>
  </name>
  <name>
    <first>Scott</first>
    <last>Carlson</last>
  </name>
  <name>
    <first>Scott</first>
    <last>Ellsworth</last>
  </name>
  <name>
    <first>Scott</first>
    <middle>M.</middle>
    <last>Stirling</last>
  </name>
  <name>
    <first>Sean</first>
    <last>Egan</last>
  </name>
  <name>
    <first>Sean</first>
    <middle>P.</middle>
    <last>Kane</last>
  </name>
  <name>
    <first>Sebastien</first>
    <last>Arod</last>
  </name>
  <name>
    <first>Shiraz</first>
    <last>Kanga</last>
  </name>
  <name>
    <first>Sebastian</first>
    <last>Kantha</last>
  </name>
  <name>
      <first>Simon</first>
      <last>Law</last>
  </name>
  <name>
    <first>Stefan</first>
    <last>Bodewig</last>
  </name>
  <name>
    <first>Stefano</first>
    <last>Mazzocchi</last>
  </name>
  <name>
    <first>Stephan</first>
    <last>Strittmatter</last>
  </name>
  <name>
    <first>Stephane</first>
    <last>Bailliez</last>
  </name>
  <name>
    <last>stephan</last>
  </name>
  <name>
    <first>Stephan</first>
    <last>Michels</last>
  </name>
  <name>
    <first>Stephen</first>
    <last>Chin</last>
  </name>
  <name>
    <first>Steve</first>
    <last>Cohen</last>
  </name>
  <name>
    <first>Steve</first>
    <last>Loughran</last>
  </name>
  <name>
    <first>Steve</first>
    <last>Morin</last>
  </name>
  <name>
    <first>Steve</first>
    <last>Wadsworth</last>
  </name>
  <name>
    <first>Steven</first>
    <middle>E.</middle>
    <last>Newton</last>
  </name>
  <name>
    <first>Takashi</first>
    <last>Okamoto</last>
  </name>
  <name>
    <first>Taoufik</first>
    <last>Romdhane</last>
  </name>
  <name>
    <first>Tariq</first>
    <last>Master</last>
  </name>
  <name>
    <first>Thomas</first>
    <last>Butz</last>
  </name>
  <name>
    <first>Thomas</first>
    <last>Christen</last>
  </name>
  <name>
    <first>Thomas</first>
    <last>Christensen</last>
  </name>
  <name>
    <first>Thomas</first>
    <last>Haas</last>
  </name>
  <name>
    <first>Thomas</first>
    <last>Quas</last>
  </name>
  <name>
    <first>Tim</first>
    <last>Drury</last>
  </name>
  <name>
    <first>Tim</first>
    <last>Fennell</last>
  </name>
  <name>
    <first>Timothy</first>
    <middle>Gerard</middle>
    <last>Endres</last>
  </name>
  <name>
    <first>Tim</first>
    <last>Stephenson</last>
  </name>
  <name>
    <first>Tom</first>
    <last>Ball</last>
  </name>
  <name>
    <first>Tom</first>
    <last>Cunningham</last>
  </name>
  <name>
    <first>Tom</first>
    <last>Dimock</last>
  </name>
  <name>
    <first>Tom</first>
    <last>Eugelink</last>
  </name>
  <name>
    <first>Trejkaz</first>
    <last>Xaoz</last>
  </name>
  <name>
    <first>Ulrich</first>
    <last>Schmidt</last>
  </name>
  <name>
    <first>Victor</first>
    <last>Toni</last>
  </name>
  <name>
    <first>Will</first>
    <last>Wang</last>
  </name>
  <name>
    <first>William</first>
    <last>Ferguson</last>
  </name>
  <name>
    <first>Wolf</first>
    <last>Siberski</last>
  </name>
  <name>
    <first>Wolfgang</first>
    <last>Baer</last>
  </name>
  <name>
    <first>Wolfgang</first>
    <last>Frech</last>
  </name>
  <name>
    <first>Wolfgang</first>
    <last>Werner</last>
  </name>
  <name>
    <first>Xavier</first>
    <last>Hanin</last>
  </name>
  <name>
    <first>Xavier</first>
    <last>Witdouck</last>
  </name>
  <name>
    <first>Yohann</first>
    <last>Roussel</last>
  </name>
  <name>
    <first>Yuji</first>
    <last>Yamano</last>
  </name>
  <name>
    <first>Yves</first>
    <last>Martin</last>
  </name>
  <name>
    <first>Zach</first>
    <last>Garner</last>
  </name>
  <name>
    <first>Zdenek</first>
    <last>Wagner</last>
  </name>
</contributors>
